<?xml version="1.0" encoding="UTF-8" standalone="yes"?>
<purchaseOrder xmlns="http://www.jesperdj.com/ps-jaxb" orderDate="2017-10-15T09:58:21.595+02:00">
    <items>
        <item>
            <productName>Ballpoint Pen</productName>
            <quantity>20</quantity>
            <price>8.95</price>
            <comment>Blue ink</comment>
        </item>
        <item>
            <productName>Pencil</productName>
            <quantity>10</quantity>
            <price>2.95</price>
        </item>
    </items>
    <customer>
        <name>John Doe</name>
        <shippingAddress>
            <street>123 Main Street</street>
            <city>Exampleville</city>
            <postalCode>12345</postalCode>
            <country>USA</country>
        </shippingAddress>
        <billingAddress>
            <street>123 Main Street</street>
            <city>Exampleville</city>
            <postalCode>12345</postalCode>
            <country>USA</country>
        </billingAddress>
        <loyalty>SILVER</loyalty>
    </customer>
</purchaseOrder>
